States,Rainfall,Ground Water,Temperature,Soil type,Season,Crop
Andhra Pradesh,110.75,9.74,31.5,Alluvial,Kharif,Paddy IGKVR-2 (IET 19795)
Andhra Pradesh,110.75,9.74,31.5,Clayey,Kharif,Paddy IGKVR-2 (IET 19795)
Andhra Pradesh,110.75,9.74,33,Alluvial,Kharif,Paddy CR Dhan 501 (IET 19189)
Andhra Pradesh,110.75,9.74,33,Clayey,Kharif,Paddy CR Dhan 501 (IET 19189)
Andhra Pradesh,110.75,9.74,20.5,Clayey,Rabi,Wheat VL Gehun 907 (VL 907)
Andhra Pradesh,110.75,9.74,22,Clayey,Rabi,Wheat WHD 943
Andhra Pradesh,110.75,9.74,27.5,Alluvial,Kharif,Millet Nandi-65 (MH-1549)
Andhra Pradesh,110.75,9.74,27.5,Sandy,Kharif,Millet Nandi-65 (MH-1549)
Andhra Pradesh,110.75,9.74,20,Clayey,Rabi,Lentil Pant Lentil-8(Pant L-063)
Andhra Pradesh,110.75,9.74,20,Sandy,Rabi,Lentil Pant Lentil-8(Pant L-063)
Andhra Pradesh,110.75,9.74,30,Black,Kharif,Bajra
Andhra Pradesh,110.75,9.74,30,Sandy,Kharif,Bajra
Andhra Pradesh,110.75,9.74,22.5,Black,Kharif,Cardamom
Andhra Pradesh,110.75,9.74,22.5,Clayey,Kharif,Cardamom
Andhra Pradesh,110.75,9.74,22.5,Latterite,Kharif,Cardamom
Andhra Pradesh,110.75,9.74,30,Black,Kharif,Urad
Andhra Pradesh,110.75,9.74,30,Sandy,Kharif,Urad
Andhra Pradesh,110.75,9.74,29.5,Clayey,Kharif,Jowar
Andhra Pradesh,110.75,9.74,29.5,Sandy,Kharif,Jowar
Arunachal Pradesh,325,5,31.5,Alluvial,Kharif,Paddy IGKVR-2 (IET 19795)
Arunachal Pradesh,325,5,31.5,Clayey,Kharif,Paddy IGKVR-2 (IET 19795)
Arunachal Pradesh,325,5,31.5,Alluvial,Kharif,Paddy CR Dhan 401 (REETA)
Arunachal Pradesh,325,5,31.5,Clayey,Kharif,Paddy CR Dhan 401 (REETA)
Arunachal Pradesh,325,5,20.5,Clayey,Rabi,Wheat VL Gehun 907 (VL 907)
Arunachal Pradesh,325,5,29,Alluvial,Kharif,Millet MH 1540 (86M64) (Hybrid)
Arunachal Pradesh,325,5,29,Sandy,Kharif,Millet MH 1540 (86M64) (Hybrid)
Arunachal Pradesh,325,5,28,Clayey,Kharif,Sugarcane Karan 5 (Co 0124)
Arunachal Pradesh,325,5,28,Sandy,Kharif,Sugarcane Karan 5 (Co 0124)
Arunachal Pradesh,325,5,30,Black,Kharif,Clove
Arunachal Pradesh,325,5,30,Clayey,Kharif,Clove
Arunachal Pradesh,325,5,30,Latterite,Kharif,Clove
Arunachal Pradesh,325,5,28.5,Alluvial,Rabi,Banana
Arunachal Pradesh,325,5,28.5,Black,Rabi,Banana
Arunachal Pradesh,325,5,28.5,Alluvial,Rabi,Banana
Arunachal Pradesh,325,5,30,Clayey,Zaid,Moong
Arunachal Pradesh,325,5,30,Sandy,Zaid,Moong
Arunachal Pradesh,325,5,30,Black,Kharif,Urad
Arunachal Pradesh,325,5,30,Sandy,Kharif,Urad
Arunachal Pradesh,325,5,32.5,Sandy,Kharif,Arhar
Assam,156.2,1.62,22.5,Alluvial,All Season,Oilseed
Assam,156.2,1.62,22.5,Black,All Season,Oilseed
Assam,156.2,1.62,22.5,Alluvial,All Season,Oilseed
Assam,156.2,1.62,25,Alluvial,Kharif,Tea
Assam,156.2,1.62,25,Latterite,Kharif,Tea
Assam,156.2,1.62,21.5,Sandy,Kharif,Coffee
Assam,156.2,1.62,25,Clayey,Kharif,Turmeric
Assam,156.2,1.62,25,Sandy,Kharif,Turmeric
Assam,156.2,1.62,25,Latterite,Rabi,Cashewnut
Assam,156.2,1.62,25,Red,Rabi,Cashewnut
Assam,156.2,1.62,25,Sandy,Rabi,Cashewnut
Assam,156.2,1.62,27.5,Red,Kharif,Ragi
Assam,156.2,1.62,27.5,Sandy,Kharif,Ragi
Assam,156.2,1.62,23.5,Sandy,Kharif,Soyabean
Assam,156.2,1.62,30,Black,Rabi,Black Gram
Assam,156.2,1.62,30,Sandy,Rabi,Black Gram
Assam,156.2,1.62,30,Sandy,Rabi,Black Gram
Assam,156.2,1.62,20,Sandy,Rabi,Khesari
Assam,156.2,1.62,19,Clayey,Rabi,Wheat MACS 6222
Bihar,125.6,7.5,30,Black,Kharif,Clove
Bihar,125.6,7.5,30,Clayey,Kharif,Clove
Bihar,125.6,7.5,30,Latterite,Kharif,Clove
Bihar,125.6,7.5,27.5,Clayey,Rabi,Black Pepper
Bihar,125.6,7.5,27.5,Latterite,Rabi,Black Pepper
Bihar,125.6,7.5,27.5,Red,Rabi,Black Pepper
Bihar,125.6,7.5,27.5,Sandy,Rabi,Black Pepper
Bihar,125.6,7.5,30,Clayey,Zaid,Moong
Bihar,125.6,7.5,30,Sandy,Zaid,Moong
Bihar,125.6,7.5,22.5,Clayey,Kharif,Chillies
Bihar,125.6,7.5,30,Black,Kharif,Urad
Bihar,125.6,7.5,30,Sandy,Kharif,Urad
Bihar,125.6,7.5,20,Sandy,Rabi,Garlic
Bihar,125.6,7.5,20,Clayey,Rabi,Garlic
Bihar,125.6,7.5,30,Black,Rabi,Black Gram
Bihar,125.6,7.5,30,Sandy,Rabi,Black Gram
Bihar,125.6,7.5,30,Sandy,Rabi,Black Gram
Bihar,125.6,7.5,20,Sandy,Rabi,Khesari
Bihar,125.6,7.5,18.5,Clayey,Rabi,Wheat MPO(JW) 1215 (MPO 1215)
Bihar,125.6,7.5,19,Clayey,Rabi,Wheat MACS 6222
Bihar,125.6,7.5,23.5,Clayey,Kharif,Maize PMH 5 (JH 3110)
Bihar,125.6,7.5,23.5,Sandy,Kharif,Maize PMH 5 (JH 3110)
Bihar,125.6,7.5,27.5,Alluvial,Kharif,Millet Nandi-65 (MH-1549)
Bihar,125.6,7.5,27.5,Sandy,Kharif,Millet Nandi-65 (MH-1549)
Bihar,125.6,7.5,25.5,Sandy,Kharif,Groundnut Kadiri Harithandhra (K 1319)
Bihar,125.6,7.5,26,Sandy,Kharif,Groundnut GPBD 5
Bihar,125.6,7.5,20,Clayey,Rabi,Lentil Pant Lentil-8(Pant L-063)
Bihar,125.6,7.5,20,Sandy,Rabi,Lentil Pant Lentil-8(Pant L-063)
Bihar,125.6,7.5,20.5,Clayey,Rabi,Lentil Pant Lentil-7(Pant L-024)
Bihar,125.6,7.5,20.5,Sandy,Rabi,Lentil Pant Lentil-7(Pant L-024)
Bihar,125.6,7.5,29.5,Clayey,Kharif,Jowar
Bihar,125.6,7.5,27.5,Red,Kharif,Ragi
Bihar,125.6,7.5,27.5,Sandy,Kharif,Ragi
Bihar,125.6,7.5,17.5,Sandy,Rabi,Tobacco
Bihar,125.6,7.5,22,Alluvial,All Season,Tomato
Bihar,125.6,7.5,22,Clayey,All Season,Tomato
Bihar,125.6,7.5,22,Alluvial,All Season,Tomato
Bihar,125.6,7.5,22,Clayey,All Season,Tomato
Bihar,125.6,7.5,22,Sandy,All Season,Tomato
Chhattisgarh,130.4,5,26.5,Clayey,All Season,Cocoa
Chhattisgarh,130.4,5,26.5,Sandy,All Season,Cocoa
Chhattisgarh,130.4,5,28.5,Clayey,Kharif,Rubber
Chhattisgarh,130.4,5,27.5,Clayey,Rabi,Black Pepper
Chhattisgarh,130.4,5,27.5,Latterite,Rabi,Black Pepper
Chhattisgarh,130.4,5,27.5,Red,Rabi,Black Pepper
Chhattisgarh,130.4,5,27.5,Sandy,Rabi,Black Pepper
Chhattisgarh,130.4,5,25,Clayey,Kharif,Turmeric
Chhattisgarh,130.4,5,25,Sandy,Kharif,Turmeric
Chhattisgarh,130.4,5,32.5,Sandy,Kharif,Arhar
Chhattisgarh,130.4,5,29.5,Clayey,Kharif,Jowar
Chhattisgarh,130.4,5,24,Clayey,Kharif,Masoor
Chhattisgarh,130.4,5,24,Red,Kharif,Masoor
Chhattisgarh,130.4,5,24,Sandy,Kharif,Masoor
Chhattisgarh,130.4,5,21.5,Clayey,Rabi,Sunhemp
Chhattisgarh,130.4,5,21.5,Sandy,Rabi,Sunhemp
Chhattisgarh,130.4,5,27.5,Alluvial,Kharif,Varagu
Chhattisgarh,130.4,5,27.5,Sandy,Kharif,Varagu
Chhattisgarh,130.4,5,20,Sandy,Rabi,Garlic
Chhattisgarh,130.4,5,20,Clayey,Rabi,Garlic
Chhattisgarh,130.4,5,32.5,Alluvial,Kharif,Paddy CR Dhan 601 (IET 18558)
Chhattisgarh,130.4,5,32.5,Clayey,Kharif,Paddy CR Dhan 601 (IET 18558)
Chhattisgarh,130.4,5,18.5,Clayey,Rabi,Wheat MPO(JW) 1215 (MPO 1215)
Chhattisgarh,130.4,5,20.5,Clayey,Rabi,Wheat VL Gehun 907 (VL 907)
Chhattisgarh,130.4,5,22.5,Clayey,Rabi,Wheat Netravati (NIAW 1415)
Chhattisgarh,130.4,5,21,Clayey,Kharif,Maize HSC1
Chhattisgarh,130.4,5,21,Sandy,Kharif,Maize HSC1
Chhattisgarh,130.4,5,23.5,Clayey,Kharif,Maize PMH 5 (JH 3110)
Chhattisgarh,130.4,5,23.5,Sandy,Kharif,Maize PMH 5 (JH 3110)
Chhattisgarh,130.4,5,27.5,Alluvial,Kharif,Millet Nandi-65 (MH-1549)
Chhattisgarh,130.4,5,27.5,Sandy,Kharif,Millet Nandi-65 (MH-1549)
Chhattisgarh,130.4,5,27.5,Alluvial,Kharif,Millet Nandi-61 (MH-1548)
Chhattisgarh,130.4,5,27.5,Sandy,Kharif,Millet Nandi-61 (MH-1548)
Chhattisgarh,130.4,5,28.5,Alluvial,Kharif,Millet 86M64 (MSH 203) (Hybrid)
Chhattisgarh,130.4,5,28.5,Sandy,Kharif,Millet 86M64 (MSH 203) (Hybrid)
Chhattisgarh,130.4,5,26,Sandy,Kharif,Groundnut GPBD 5
Chhattisgarh,130.4,5,20.5,Clayey,Rabi,Lentil Pant Lentil-7(Pant L-024)
Chhattisgarh,130.4,5,20.5,Sandy,Rabi,Lentil Pant Lentil-7(Pant L-024)
Goa,295,13,21.5,Sandy,Kharif,Coffee
Goa,295,13,30,Black,Kharif,Clove
Goa,295,13,30,Clayey,Kharif,Clove
Goa,295,13,30,Latterite,Kharif,Clove
Goa,295,13,28.5,Alluvial,Rabi,Banana
Goa,295,13,28.5,Black,Rabi,Banana
Goa,295,13,28.5,Clayey,Rabi,Banana
Goa,295,13,30,Clayey,Zaid,Moong
Goa,295,13,30,Sandy,Zaid,Moong
Goa,295,13,29.5,Clayey,Kharif,Jowar
Goa,295,13,24,Clayey,Kharif,Masoor
Goa,295,13,24,Red,Kharif,Masoor
Goa,295,13,24,Sandy,Kharif,Masoor
Goa,295,13,18.5,Clayey,Rabi,Barley Pusa Losar (BH- 380)
Goa,295,13,22.5,Clayey,Kharif,Maize DHM 119 (BH 4062)
Goa,295,13,22.5,Sandy,Kharif,Maize DHM 119 (BH 4062)
Goa,295,13,30.5,Alluvial,Kharif,Millet HHB 226 (MH 1479)
Goa,295,13,30.5,Sandy,Kharif,Millet HHB 226 (MH 1479)
Goa,295,13,23.5,Sandy,Kharif,Soyabean
Gujarat,115.7,35,22.5,Alluvial,All Season,Oilseed
Gujarat,115.7,35,22.5,Black,All Season,Oilseed
Gujarat,115.7,35,22.5,Clayey,All Season,Oilseed
Gujarat,115.7,35,25,Alluvial,Kharif,Tea
Gujarat,115.7,35,25,Latterite,Kharif,Tea
Gujarat,115.7,35,30,Alluvial,Kharif,Jute
Gujarat,115.7,35,30,Clayey,Kharif,Jute
Gujarat,115.7,35,30,Sandy,Kharif,Jute
Gujarat,115.7,35,30,Alluvial,Kharif,Paddy Chinsurah Rice (IET 19140)
Gujarat,115.7,35,30,Clayey,Kharif,Paddy Chinsurah Rice (IET 19140)
Gujarat,115.7,35,30.5,Alluvial,Kharif,Paddy (CNI 383-5-11)
Gujarat,115.7,35,30.5,Clayey,Kharif,Paddy (CNI 383-5-11)
Gujarat,115.7,35,31,Alluvial,Kharif,Paddy IGKVR-1 (IET 19569)
Gujarat,115.7,35,31,Clayey,Kharif,Paddy IGKVR-1 (IET 19569)
Gujarat,115.7,35,28.5,Alluvial,Kharif,Millet 86M64 (MSH 203) (Hybrid)
Gujarat,115.7,35,28.5,Sandy,Kharif,Millet 86M64 (MSH 203) (Hybrid)
Gujarat,115.7,35,29,Alluvial,Kharif,Millet MH 1540 (86M64) (Hybrid)
Gujarat,115.7,35,29,Sandy,Kharif,Millet MH 1540 (86M64) (Hybrid)
Gujarat,115.7,35,20.5,Alluvial,Rabi,Onion
Gujarat,115.7,35,20.5,Clayey,Rabi,Onion
Gujarat,115.7,35,20.5,Sandy,Rabi,Onion
Gujarat,115.7,35,28.5,Alluvial,Rabi,Banana
Gujarat,115.7,35,28.5,Black,Rabi,Banana
Gujarat,115.7,35,28.5,Black,Rabi,Banana
Haryana,47.5,15,30,Black,Kharif,Bajra
Haryana,47.5,15,30,Sandy,Kharif,Bajra
Haryana,47.5,15,22.5,Alluvial,All Season,Oilseed
Haryana,47.5,15,22.5,Black,All Season,Oilseed
Haryana,47.5,15,22.5,Clayey,All Season,Oilseed
Haryana,47.5,15,30,Black,Kharif,Clove
Haryana,47.5,15,30,Clayey,Kharif,Clove
Haryana,47.5,15,30,Latterite,Kharif,Clove
Haryana,47.5,15,22.5,Black,Kharif,Cardamom
Haryana,47.5,15,22.5,Clayey,Kharif,Cardamom
Haryana,47.5,15,22.5,Black,Kharif,Cardamom
Haryana,47.5,15,22.5,Clayey,Kharif,Cardamom
Haryana,47.5,15,22.5,Latterite,Kharif,Cardamom
Haryana,47.5,15,30,Black,Kharif,Urad
Haryana,47.5,15,30,Sandy,Kharif,Urad
Haryana,47.5,15,30,Black,Rabi,Black Gram
Haryana,47.5,15,30.5,Sandy,Rabi,Black Gram
Haryana,47.5,15,30,Sandy,Rabi,Black Gram
Haryana,47.5,15,22.5,Clayey,Kharif,Cotton CNH012
Haryana,47.5,15,23,Clayey,Kharif,Cotton CICR-3 (CISA 614)
Haryana,47.5,15,28,Clayey,Kharif,Sugarcane Karan 5 (Co 0124)
Haryana,47.5,15,28,Sandy,Kharif,Sugarcane Karan 5 (Co 0124)
Haryana,47.5,15,33,Alluvial,Kharif,Paddy CR Dhan 501 (IET 19189)
Haryana,47.5,15,33,Clayey,Kharif,Paddy CR Dhan 501 (IET 19189)
Haryana,47.5,15,29.5,Clayey,Kharif,Jowar
Haryana,47.5,15,18.5,Clayey,Rabi,Barley Pusa Losar (BH- 380)
Haryana,47.5,15,22.5,Clayey,Kharif,Maize DHM 119 (BH 4062)
Haryana,47.5,15,22.5,Sandy,Kharif,Maize DHM 119 (BH 4062)
Haryana,47.5,15,30,Alluvial,Kharif,Rice
Haryana,47.5,15,30,Clayey,Kharif,Rice
Himachal Pradesh,127.5,22,30.5,Alluvial,Kharif,Rice
Himachal Pradesh,127.5,22,30.5,Clayey,Kharif,Rice
Himachal Pradesh,127.5,22,22.5,Alluvial,All Season,Oilseed
Himachal Pradesh,127.5,22,23,Black,All Season,Oilseed
Himachal Pradesh,127.5,22,22.5,Clayey,All Season,Oilseed
Himachal Pradesh,127.5,22,30,Alluvial,Kharif,Jute
Himachal Pradesh,127.5,22,30,Clayey,Kharif,Jute
Himachal Pradesh,127.5,22,30,Sandy,Kharif,Jute
Himachal Pradesh,127.5,22,15,Clayey,Rabi,Flax
Himachal Pradesh,127.5,22,30,Black,Kharif,Clove
Himachal Pradesh,127.5,22,30,Clayey,Kharif,Clove
Himachal Pradesh,127.5,22,30.5,Latterite,Kharif,Clove
Himachal Pradesh,127.5,22,27.5,Clayey,Rabi,Black Pepper
Himachal Pradesh,127.5,22,28,Latterite,Rabi,Black Pepper
Himachal Pradesh,127.5,22,27.5,Red,Rabi,Black Pepper
Himachal Pradesh,127.5,22,28,Sandy,Rabi,Black Pepper
Himachal Pradesh,127.5,22,22.5,Black,Kharif,Cardamom
Himachal Pradesh,127.5,22,23,Clayey,Kharif,Cardamom
Himachal Pradesh,127.5,22,22.5,Latterite,Kharif,Cardamom
Himachal Pradesh,127.5,22,25,Clayey,Kharif,Turmeric
Himachal Pradesh,127.5,22,25,Sandy,Kharif,Turmeric
Himachal Pradesh,127.5,22,30,Clayey,Zaid,Moong
Himachal Pradesh,127.5,22,30.5,Sandy,Zaid,Moong
Himachal Pradesh,127.5,22,30,Alluvial,Kharif,Paddy Chinsurah Rice (IET 19140)
Himachal Pradesh,127.5,22,30,Clayey,Kharif,Paddy Chinsurah Rice (IET 19140)
Himachal Pradesh,127.5,22,18.5,Clayey,Rabi,Wheat MPO(JW) 1215 (MPO 1215)
Himachal Pradesh,127.5,22,17.5,Clayey,Rabi,Barley BH-902
Himachal Pradesh,127.5,22,21,Clayey,Kharif,Maize HSC1
Himachal Pradesh,127.5,22,21,Sandy,Kharif,Maize HSC1
Himachal Pradesh,127.5,22,20,Clayey,Rabi,Lentil Pant Lentil-8(Pant L-063)
Himachal Pradesh,127.5,22,20,Sandy,Rabi,Lentil Pant Lentil-8(Pant L-063)
Himachal Pradesh,127.5,22,28.5,Clayey,Rabi,Sunflower
Himachal Pradesh,127.5,22,28.5,Sandy,Rabi,Sunflower
Jharkhand,121.4,12,21.5,Clayey,Kharif,Maize HQPM-4
Jharkhand,121.4,12,21.5,Sandy,Kharif,Maize HQPM-4
Jharkhand,121.4,12,25,Sandy,Kharif,Groundnut Girnar - 3 (PBS 12160)
Jharkhand,121.4,12,28.5,Clayey,Rabi,Sunflower
Jharkhand,121.4,12,28.5,Sandy,Rabi,Sunflower
Jharkhand,121.4,12,30,Alluvial,Kharif,Paddy Chinsurah Rice (IET 19140)
Jharkhand,121.4,12,30,Clayey,Kharif,Paddy Chinsurah Rice (IET 19140)
Jharkhand,121.4,12,30,Clayey,Zaid,Moong
Jharkhand,121.4,12,30,Sandy,Zaid,Moong
Karnataka,121.4,22,25,Alluvial,Kharif,Tea
Karnataka,121.4,22,25.5,Latterite,Kharif,Tea
Karnataka,121.4,22,30,Black,Kharif,Clove
Karnataka,121.4,22,30,Clayey,Kharif,Clove
Karnataka,121.4,22,30,Latterite,Kharif,Clove
Karnataka,121.4,22,27.5,Clayey,Rabi,Black Pepper
Karnataka,121.4,22,27.5,Latterite,Rabi,Black Pepper
Karnataka,121.4,22,27.5,Red,Rabi,Black Pepper
Karnataka,121.4,22,27.5,Sandy,Rabi,Black Pepper
Karnataka,121.4,22,22.5,Black,Kharif,Cardamom
Karnataka,121.4,22,22.5,Clayey,Kharif,Cardamom
Karnataka,121.4,22,22.5,Latterite,Kharif,Cardamom
Karnataka,121.4,22,25,Latterite,Rabi,Cashewnut
Karnataka,121.4,22,25,Red,Rabi,Cashewnut
Karnataka,121.4,22,25,Sandy,Rabi,Cashewnut
Karnataka,121.4,22,27.5,Red,Kharif,Ragi
Karnataka,121.4,22,27.5,Sandy,Kharif,Ragi
Karnataka,121.4,22,29.5,Clayey,Kharif,Jowar
Karnataka,121.4,22,21,Clayey,Kharif,Maize HSC1
Karnataka,121.4,22,21,Sandy,Kharif,Maize HSC1
Karnataka,121.4,22,28,Clayey,Kharif,Sugarcane Karan 5 (Co 0124)
Karnataka,121.4,22,28,Sandy,Kharif,Sugarcane Karan 5 (Co 0124)
Karnataka,121.4,22,30,Alluvial,Kharif,Rice
Karnataka,121.4,22,30,Clayey,Kharif,Rice
Karnataka,121.4,22,22.5,Clayey,Kharif,Chillies
Kerala,315.7,20,27.5,Clayey,Rabi,Black Pepper
Kerala,315.7,20,27.5,Latterite,Rabi,Black Pepper
Kerala,315.7,20,27.5,Red,Rabi,Black Pepper
Kerala,315.7,20,27.5,Sandy,Rabi,Black Pepper
Kerala,315.7,20,25,Latterite,Rabi,Cashewnut
Kerala,315.7,20,25,Red,Rabi,Cashewnut
Kerala,315.7,20,25,Sandy,Rabi,Cashewnut
Kerala,315.7,20,31.5,Clayey,Kharif,Dry Ginger
Kerala,315.7,20,31.5,Red,Kharif,Dry Ginger
Kerala,315.7,20,31.5,Sandy,Kharif,Dry Ginger
Kerala,315.7,20,27,Black,Rabi,Horse Gram
Kerala,315.7,20,27,Clayey,Rabi,Horse Gram
Kerala,315.7,20,27,Red,Rabi,Horse Gram
Kerala,315.7,20,24,Clayey,Kharif,Masoor
Kerala,315.7,20,24,Red,Kharif,Masoor
Kerala,315.7,20,24,Sandy,Kharif,Masoor
Kerala,315.7,20,25,Latterite,Rabi,Cashewnut
Kerala,315.7,20,25,Red,Rabi,Cashewnut
Kerala,315.7,20,25,Sandy,Rabi,Cashewnut
Kerala,315.7,20,30,Alluvial,Kharif,Rice
Kerala,315.7,20,30,Clayey,Kharif,Rice
Kerala,315.7,20,21.5,Sandy,Kharif,Coffee
Madhya Pradesh,235.5,22,30,Black,Kharif,Bajra
Madhya Pradesh,235.5,22,30,Sandy,Kharif,Bajra
Madhya Pradesh,235.5,22,21.5,Sandy,Kharif,Coffee
Madhya Pradesh,235.5,22,30,Alluvial,Kharif,Jute
Madhya Pradesh,235.5,22,30,Clayey,Kharif,Jute
Madhya Pradesh,235.5,22,30,Sandy,Kharif,Jute
Madhya Pradesh,235.5,22,25,Clayey,Kharif,Turmeric
Madhya Pradesh,235.5,22,25.5,Sandy,Kharif,Turmeric
Madhya Pradesh,235.5,22,30,Black,Kharif,Urad
Madhya Pradesh,235.5,22,30.5,Sandy,Kharif,Urad
Madhya Pradesh,235.5,22,32.5,Sandy,Kharif,Arhar
Madhya Pradesh,235.5,22,28.5,Clayey,Rabi,Sunflower
Madhya Pradesh,235.5,22,28.5,Sandy,Rabi,Sunflower
Madhya Pradesh,235.5,22,23,Sandy,Kharif,Castor Seed
Madhya Pradesh,235.5,22,23,Clayey,Kharif,Castor Seed
Madhya Pradesh,235.5,22,27.5,Red,Kharif,Ragi
Madhya Pradesh,235.5,22,28,Sandy,Kharif,Ragi
Madhya Pradesh,235.5,22,17.5,Sandy,Rabi,Tobacco
Madhya Pradesh,235.5,22,24,Clayey,Kharif,Masoor
Madhya Pradesh,235.5,22,24,Red,Kharif,Masoor
Madhya Pradesh,235.5,22,24,Sandy,Kharif,Masoor
Madhya Pradesh,235.5,22,28,Sandy,Rabi,Sesame
Madhya Pradesh,235.5,22,30,Black,Rabi,Black Gram
Madhya Pradesh,235.5,22,30.5,Sandy,Rabi,Black Gram
Madhya Pradesh,235.5,22,30,Sandy,Rabi,Black Gram
Madhya Pradesh,235.5,22,21,Clayey,Kharif,Maize HSC1
Madhya Pradesh,235.5,22,21,Sandy,Kharif,Maize HSC1
Madhya Pradesh,235.5,22,21.5,Clayey,Kharif,Maize HQPM-4
Madhya Pradesh,235.5,22,21.5,Sandy,Kharif,Maize HQPM-4
Madhya Pradesh,235.5,22,28.5,Alluvial,Kharif,Millet 86M64 (MSH 203) (Hybrid)
Madhya Pradesh,235.5,22,28.5,Sandy,Kharif,Millet 86M64 (MSH 203) (Hybrid)
Madhya Pradesh,235.5,22,29,Alluvial,Kharif,Millet MH 1540 (86M64) (Hybrid)
Madhya Pradesh,235.5,22,29,Sandy,Kharif,Millet MH 1540 (86M64) (Hybrid)
Madhya Pradesh,235.5,22,26,Sandy,Kharif,Groundnut GPBD 5
Madhya Pradesh,235.5,22,20,Clayey,Rabi,Lentil Pant Lentil-8(Pant L-063)
Madhya Pradesh,235.5,22,20,Sandy,Rabi,Lentil Pant Lentil-8(Pant L-063)
Madhya Pradesh,235.5,22,27.5,Clayey,Kharif,Sugarcane Karan 6 (Co 0239)
Madhya Pradesh,235.5,22,27.5,Sandy,Kharif,Sugarcane Karan 6 (Co 0239)
Madhya Pradesh,235.5,22,28,Clayey,Kharif,Sugarcane Karan 5 (Co 0124)
Madhya Pradesh,235.5,22,28,Sandy,Kharif,Sugarcane Karan 5 (Co 0124)
Maharashtra,246,3.2,30,Alluvial,Kharif,Rice
Maharashtra,246,3.2,30,Clayey,Kharif,Rice
Maharashtra,246,3.2,22.5,Alluvial,All Season,Oilseed
Maharashtra,246,3.2,22.5,Black,All Season,Oilseed
Maharashtra,246,3.2,22.5,Clayey,All Season,Oilseed
Maharashtra,246,3.2,25,Alluvial,Kharif,Tea
Maharashtra,246,3.2,25.5,Latterite,Kharif,Tea
Maharashtra,246,3.2,30,Alluvial,Kharif,Jute
Maharashtra,246,3.2,30,Clayey,Kharif,Jute
Maharashtra,246,3.2,30,Sandy,Kharif,Jute
Maharashtra,246,3.2,28.5,Alluvial,Rabi,Banana
Maharashtra,246,3.2,28.5,Black,Rabi,Banana
Maharashtra,246,3.2,28.5,Clayey,Rabi,Banana
Maharashtra,246,3.2,30,Alluvial,Kharif,Paddy Chinsurah Rice (IET 19140)
Maharashtra,246,3.2,30,Clayey,Kharif,Paddy Chinsurah Rice (IET 19140)
Maharashtra,246,3.2,30.5,Alluvial,Kharif,Paddy (CNI 383-5-11)
Maharashtra,246,3.2,30.5,Clayey,Kharif,Paddy (CNI 383-5-11)
Maharashtra,246,3.2,23.5,Clayey,Kharif,Maize PMH 5 (JH 3110)
Maharashtra,246,3.2,23.5,Sandy,Kharif,Maize PMH 5 (JH 3110)
Maharashtra,246,3.2,27.5,Alluvial,Kharif,Millet Nandi-65 (MH-1549)
Maharashtra,246,3.2,27.5,Sandy,Kharif,Millet Nandi-65 (MH-1549)
Maharashtra,246,3.2,28,Sandy,Rabi,Sesame
Maharashtra,246,3.2,27.5,Alluvial,Rabi,Peas
Maharashtra,246,3.2,27.5,Sandy,Rabi,Peas
Maharashtra,246,3.2,27.5,Clayey,Rabi,Peas
Maharashtra,246,3.2,32,Alluvial,Kharif,Paddy CR Dhan 401 (REETA)
Maharashtra,246,3.2,32,Clayey,Kharif,Paddy CR Dhan 401 (REETA)
Maharashtra,246,3.2,32.5,Alluvial,Kharif,Paddy CR Dhan 601 (IET 18558)
Maharashtra,246,3.2,32.5,Clayey,Kharif,Paddy CR Dhan 601 (IET 18558)
Maharashtra,246,3.2,33,Alluvial,Kharif,Paddy CR Dhan 501 (IET 19189)
Maharashtra,246,3.2,33,Clayey,Kharif,Paddy CR Dhan 501 (IET 19189)
Maharashtra,246,3.2,33.5,Alluvial,Kharif,Paddy RC Maniphou 11 (IET 20193)
Maharashtra,246,3.2,33.5,Clayey,Kharif,Paddy RC Maniphou 11 (IET 20193)
Manipur,148.8,4,30,Black,Kharif,Bajra
Manipur,148.8,4,30.5,Sandy,Kharif,Bajra
Manipur,148.8,4,22.5,Alluvial,All Season,Oilseed
Manipur,148.8,4,22.5,Black,All Season,Oilseed
Manipur,148.8,4,22.5,Clayey,All Season,Oilseed
Manipur,148.8,4,30,Black,Kharif,Clove
Manipur,148.8,4,30.5,Clayey,Kharif,Clove
Manipur,148.8,4,30,Latterite,Kharif,Clove
Manipur,148.8,4,30,Black,Kharif,Urad
Manipur,148.8,4,30.5,Sandy,Kharif,Urad
Manipur,148.8,4,27,Black,Rabi,Horse Gram
Manipur,148.8,4,27,Clayey,Rabi,Horse Gram
Manipur,148.8,4,27,Red,Rabi,Horse Gram
Manipur,148.8,4,30,Black,Rabi,Black Gram
Manipur,148.8,4,30.5,Sandy,Rabi,Black Gram
Manipur,148.8,4,30,Sandy,Rabi,Black Gram
Manipur,148.8,4,22.5,Clayey,Kharif,Cotton CNH012
Manipur,148.8,4,23,Clayey,Kharif,Cotton CICR-3 (CISA 614)
Manipur,148.8,4,22.5,Black,Kharif,Cardamom
Manipur,148.8,4,23,Clayey,Kharif,Cardamom
Manipur,148.8,4,22.5,Latterite,Kharif,Cardamom
Manipur,148.8,4,28.5,Alluvial,Rabi,Banana
Manipur,148.8,4,29,Black,Rabi,Banana
Manipur,148.8,4,28.5,Clayey,Rabi,Banana
Meghalaya,117.5,4,30,Alluvial,Kharif,Rice
Meghalaya,117.5,4,30,Clayey,Kharif,Rice
Meghalaya,117.5,4,22.5,Alluvial,All Season,Oilseed
Meghalaya,117.5,4,22.5,Black,All Season,Oilseed
Meghalaya,117.5,4,22.5,Clayey,All Season,Oilseed
Meghalaya,117.5,4,26.5,Clayey,All Season,Cocoa
Meghalaya,117.5,4,26.5,Sandy,All Season,Cocoa
Meghalaya,117.5,4,30,Alluvial,Kharif,Jute
Meghalaya,117.5,4,30,Clayey,Kharif,Jute
Meghalaya,117.5,4,30,Sandy,Kharif,Jute
Meghalaya,117.5,4,15,Clayey,Rabi,Flax
Meghalaya,117.5,4,30,Black,Kharif,Clove
Meghalaya,117.5,4,30.5,Clayey,Kharif,Clove
Meghalaya,117.5,4,30,Latterite,Kharif,Clove
Meghalaya,117.5,4,27.5,Clayey,Rabi,Black Pepper
Meghalaya,117.5,4,27.5,Latterite,Rabi,Black Pepper
Meghalaya,117.5,4,27.5,Red,Rabi,Black Pepper
Meghalaya,117.5,4,27.5,Sandy,Rabi,Black Pepper
Meghalaya,117.5,4,22.5,Black,Kharif,Cardamom
Meghalaya,117.5,4,22.5,Clayey,Kharif,Cardamom
Meghalaya,117.5,4,22.5,Latterite,Kharif,Cardamom
Meghalaya,117.5,4,25,Clayey,Kharif,Turmeric
Meghalaya,117.5,4,25.5,Sandy,Kharif,Turmeric
Meghalaya,117.5,4,28.5,Alluvial,Rabi,Banana
Meghalaya,117.5,4,28.5,Black,Rabi,Banana
Meghalaya,117.5,4,28.5,Clayey,Rabi,Banana
Mizoram,257,8,25,Clayey,Kharif,Turmeric
Mizoram,257,8,25.5,Sandy,Kharif,Turmeric
Mizoram,257,8,31.5,Clayey,Kharif,Dry Ginger
Mizoram,257,8,31.5,Red,Kharif,Dry Ginger
Mizoram,257,8,31.5,Sandy,Kharif,Dry Ginger
Mizoram,257,8,28.5,Clayey,Rabi,Sunflower
Mizoram,257,8,28.5,Sandy,Rabi,Sunflower
Mizoram,257,8,22,Alluvial,All Season,Tomato
Mizoram,257,8,22,Clayey,All Season,Tomato
Mizoram,257,8,22,Sandy,All Season,Tomato
Mizoram,257,8,31,Red,Kharif,Cowpea
Mizoram,257,8,31,Sandy,Kharif,Cowpea
Nagaland,215,18.1,25,Alluvial,Kharif,Tea
Nagaland,215,18.1,25.5,Latterite,Kharif,Tea
Nagaland,215,18.1,30,Black,Kharif,Clove
Nagaland,215,18.1,30.5,Clayey,Kharif,Clove
Nagaland,215,18.1,30,Latterite,Kharif,Clove
Nagaland,215,18.1,27.5,Clayey,Rabi,Black Pepper
Nagaland,215,18.1,27.5,Latterite,Rabi,Black Pepper
Nagaland,215,18.1,27.5,Red,Rabi,Black Pepper
Nagaland,215,18.1,27.5,Sandy,Rabi,Black Pepper
Nagaland,215,18.1,22.5,Black,Kharif,Cardamom
Nagaland,215,18.1,22.5,Clayey,Kharif,Cardamom
Nagaland,215,18.1,22.5,Latterite,Kharif,Cardamom
Nagaland,215,18.1,25,Latterite,Rabi,Cashewnut
Nagaland,215,18.1,25.5,Red,Rabi,Cashewnut
Nagaland,215,18.1,25,Sandy,Rabi,Cashewnut
Nagaland,215,18.1,23.5,Alluvial,Kharif,Millet Nandi-65 (MH-1549)
Nagaland,215,18.1,23.5,Clayey,Kharif,Maize PMH 5 (JH 3110)
Nagaland,215,18.1,23.5,Clayey,Kharif,Maize PMH 5 (JH 3110)
Odisha,215,5,27.5,Clayey,Rabi,Black Pepper
Odisha,215,5,27.5,Latterite,Rabi,Black Pepper
Odisha,215,5,27.5,Red,Rabi,Black Pepper
Odisha,215,5,27.5,Sandy,Rabi,Black Pepper
Odisha,215,5,25,Latterite,Rabi,Cashewnut
Odisha,215,5,25,Red,Rabi,Cashewnut
Odisha,215,5,25,Sandy,Rabi,Cashewnut
Odisha,215,5,31.5,Clayey,Kharif,Dry Ginger
Odisha,215,5,31.5,Red,Kharif,Dry Ginger
Odisha,215,5,31.5,Sandy,Kharif,Dry Ginger
Odisha,215,5,27,Black,Rabi,Horse Gram
Odisha,215,5,27,Clayey,Rabi,Horse Gram
Odisha,215,5,27,Red,Rabi,Horse Gram
Odisha,215,5,27.5,Red,Kharif,Ragi
Odisha,215,5,28,Sandy,Kharif,Ragi
Odisha,215,5,24,Clayey,Kharif,Masoor
Odisha,215,5,24,Red,Kharif,Masoor
Odisha,215,5,24,Sandy,Kharif,Masoor
Odisha,215,5,31,Alluvial,Kharif,Cowpea
Odisha,215,5,30,Black,Kharif,Bajra
Odisha,215,5,30.5,Sandy,Kharif,Bajra
Odisha,215,5,22,Clayey,Kharif,Maize MCH 36 (Hybrid) (DKC 9099)
Odisha,215,5,22,Sandy,Kharif,Maize MCH 36 (Hybrid) (DKC 9099)
Odisha,215,5,18.5,Clayey,Rabi,Wheat MPO(JW) 1215 (MPO 1215)
Punjab,60,8.9,30,Black,Kharif,Bajra
Punjab,60,8.9,30.5,Sandy,Kharif,Bajra
Punjab,60,8.9,30,Alluvial,Kharif,Jute
Punjab,60,8.9,30,Clayey,Kharif,Jute
Punjab,60,8.9,30,Sandy,Kharif,Jute
Punjab,60,8.9,27.5,Clayey,Rabi,Black Pepper
Punjab,60,8.9,27.5,Latterite,Rabi,Black Pepper
Punjab,60,8.9,27.5,Red,Rabi,Black Pepper
Punjab,60,8.9,27.5,Sandy,Rabi,Black Pepper
Punjab,60,8.9,30,Black,Kharif,Urad
Punjab,60,8.9,30.5,Sandy,Kharif,Urad
Punjab,60,8.9,32.5,Sandy,Kharif,Arhar
Punjab,60,8.9,28.5,Clayey,Rabi,Sunflower
Punjab,60,8.9,28.5,Sandy,Rabi,Sunflower
Punjab,60,8.9,23,Sandy,Kharif,Castor Seed
Punjab,60,8.9,23,Clayey,Kharif,Castor Seed
Punjab,60,8.9,27.5,Red,Kharif,Ragi
Punjab,60,8.9,28,Sandy,Kharif,Ragi
Punjab,60,8.9,24,Clayey,Kharif,Masoor
Punjab,60,8.9,24,Red,Kharif,Masoor
Punjab,60,8.9,24,Sandy,Kharif,Masoor
Punjab,60,8.9,28,Sandy,Rabi,Sesame
Punjab,60,8.9,31,Alluvial,Kharif,Cowpea
Punjab,60,8.9,30,Black,Rabi,Black Gram
Punjab,60,8.9,30,Sandy,Rabi,Black Gram
Punjab,60,8.9,30,Sandy,Rabi,Black Gram
Punjab,60,8.9,21,Clayey,Kharif,Maize HSC1
Punjab,60,8.9,21,Sandy,Kharif,Maize HSC1
Punjab,60,8.9,21.5,Clayey,Kharif,Maize HQPM-4
Punjab,60,8.9,21.5,Sandy,Kharif,Maize HQPM-4
Punjab,60,8.9,28.5,Alluvial,Kharif,Millet 86M64 (MSH 203) (Hybrid)
Punjab,60,8.9,28.5,Sandy,Kharif,Millet 86M64 (MSH 203) (Hybrid)
Punjab,60,8.9,29,Alluvial,Kharif,Millet MH 1540 (86M64) (Hybrid)
Punjab,60,8.9,29,Sandy,Kharif,Millet MH 1540 (86M64) (Hybrid)
Punjab,60,8.9,25,Sandy,Kharif,Groundnut Girnar - 3 (PBS 12160)
Punjab,60,8.9,20.5,Clayey,Rabi,Lentil Pant Lentil-7(Pant L-024)
Punjab,60,8.9,20.5,Sandy,Rabi,Lentil Pant Lentil-7(Pant L-024)
Punjab,60,8.9,27.5,Clayey,Kharif,Sugarcane Karan 6 (Co 0239)
Punjab,60,8.9,27.5,Sandy,Kharif,Sugarcane Karan 6 (Co 0239)
Punjab,60,8.9,30,Alluvial,Kharif,Rice
Rajasthan,48.8,32,30,Clayey,Kharif,Rice
Rajasthan,48.8,32,22.5,Alluvial,All Season,Oilseed
Rajasthan,48.8,32,22.5,Black,All Season,Oilseed
Rajasthan,48.8,32,22.5,Clayey,All Season,Oilseed
Rajasthan,48.8,32,25,Alluvial,Kharif,Tea
Rajasthan,48.8,32,25,Latterite,Kharif,Tea
Rajasthan,48.8,32,30,Alluvial,Kharif,Jute
Rajasthan,48.8,32,30,Clayey,Kharif,Jute
Rajasthan,48.8,32,30,Sandy,Kharif,Jute
Rajasthan,48.8,32,20.5,Alluvial,Rabi,Onion
Rajasthan,48.8,32,20.5,Clayey,Rabi,Onion
Rajasthan,48.8,32,20.5,Sandy,Rabi,Onion
Rajasthan,48.8,32,30.5,Alluvial,Kharif,Paddy (CNI 383-5-11)
Rajasthan,48.8,32,30.5,Clayey,Kharif,Paddy (CNI 383-5-11)
Rajasthan,48.8,32,31,Alluvial,Kharif,Paddy IGKVR-1 (IET 19569)
Rajasthan,48.8,32,31,Clayey,Kharif,Paddy IGKVR-1 (IET 19569)
Rajasthan,48.8,32,27.5,Alluvial,Kharif,Millet Nandi-65 (MH-1549)
Rajasthan,48.8,32,27.5,Sandy,Kharif,Millet Nandi-65 (MH-1549)
Rajasthan,48.8,32,28,Alluvial,Kharif,Millet Nandi-61 (MH-1548)
Rajasthan,48.8,32,25,Clayey,Rabi,Pulses
Rajasthan,48.8,32,28.5,Clayey,Kharif,Sugarcane Co-0218
Rajasthan,48.8,32,28.5,Sandy,Kharif,Sugarcane Co-0218
Sikkim,299.5,50,30,Black,Kharif,Bajra
Sikkim,299.5,50,30,Sandy,Kharif,Bajra
Sikkim,299.5,50,22.5,Alluvial,All Season,Oilseed
Sikkim,299.5,50,22.5,Black,All Season,Oilseed
Sikkim,299.5,50,22.5,Clayey,All Season,Oilseed
Sikkim,299.5,50,30,Black,Kharif,Clove
Sikkim,299.5,50,30,Clayey,Kharif,Clove
Sikkim,299.5,50,30,Black,Kharif,Clove
Sikkim,299.5,50,30,Clayey,Kharif,Clove
Sikkim,299.5,50,30,Latterite,Kharif,Clove
Sikkim,299.5,50,22.5,Black,Kharif,Cardamom
Sikkim,299.5,50,22.5,Clayey,Kharif,Cardamom
Sikkim,299.5,50,22.5,Latterite,Kharif,Cardamom
Sikkim,299.5,50,30,Black,Kharif,Urad
Sikkim,299.5,50,30,Sandy,Kharif,Urad
Sikkim,299.5,50,27,Black,Rabi,Horse Gram
Sikkim,299.5,50,27,Clayey,Rabi,Horse Gram
Sikkim,299.5,50,27,Red,Rabi,Horse Gram
Sikkim,299.5,50,30,Black,Rabi,Black Gram
Sikkim,299.5,50,30,Sandy,Rabi,Black Gram
Sikkim,299.5,50,30,Sandy,Rabi,Black Gram
Sikkim,299.5,50,22.5,Clayey,Kharif,Cotton CNH012
Tamil Nadu,145,16.67,30,Alluvial,Kharif,Rice
Tamil Nadu,145,16.67,30,Clayey,Kharif,Rice
Tamil Nadu,145,16.67,22.5,Alluvial,All Season,Oilseed
Tamil Nadu,145,16.67,22.5,Black,All Season,Oilseed
Tamil Nadu,145,16.67,22.5,Clayey,All Season,Oilseed
Tamil Nadu,145,16.67,30,Alluvial,Kharif,Jute
Tamil Nadu,145,16.67,30,Clayey,Kharif,Jute
Tamil Nadu,145,16.67,30,Sandy,Kharif,Jute
Tamil Nadu,145,16.67,15,Clayey,Rabi,Flax
Tamil Nadu,145,16.67,30,Black,Kharif,Clove
Tamil Nadu,145,16.67,30,Clayey,Kharif,Clove
Tamil Nadu,145,16.67,30,Latterite,Kharif,Clove
Tamil Nadu,145,16.67,27.5,Clayey,Rabi,Black Pepper
Tamil Nadu,145,16.67,27.5,Latterite,Rabi,Black Pepper
Tamil Nadu,145,16.67,27.5,Red,Rabi,Black Pepper
Tamil Nadu,145,16.67,27.5,Sandy,Rabi,Black Pepper
Tamil Nadu,145,16.67,22.5,Black,Kharif,Cardamom
Tamil Nadu,145,16.67,22.5,Clayey,Kharif,Cardamom
Tamil Nadu,145,16.67,22.5,Latterite,Kharif,Cardamom
Tamil Nadu,145,16.67,25,Clayey,Kharif,Turmeric
Tamil Nadu,145,16.67,25,Sandy,Kharif,Turmeric
Tamil Nadu,145,16.67,28.5,Alluvial,Rabi,Banana
Tamil Nadu,145,16.67,28.5,Black,Rabi,Banana
Tamil Nadu,145,16.67,28.5,Clayey,Rabi,Banana
Tamil Nadu,145,16.67,24,Clayey,Kharif,Masoor
Tamil Nadu,145,16.67,24,Red,Kharif,Masoor
Tamil Nadu,145,16.67,24,Sandy,Kharif,Masoor
Telangana,87.5,8,30,Alluvial,Kharif,Rice
Telangana,87.5,8,30,Clayey,Kharif,Rice
Telangana,87.5,8,21.5,Clayey,Kharif,Maize HQPM-4
Telangana,87.5,8,21.5,Sandy,Kharif,Maize HQPM-4
Telangana,87.5,8,29.5,Clayey,Kharif,Jowar
Telangana,87.5,8,28,Sandy,Rabi,Sesame
Telangana,87.5,8,23,Sandy,Kharif,Castor Seed
Telangana,87.5,8,23,Clayey,Kharif,Castor Seed
Telangana,87.5,8,25,Sandy,Kharif,Groundnut Girnar - 3 (PBS 12160)
Telangana,87.5,8,30,Black,Rabi,Black Gram
Telangana,87.5,8,30,Sandy,Rabi,Black Gram
Telangana,87.5,8,30,Sandy,Rabi,Black Gram
Tripura,238.5,6.7,25,Alluvial,Kharif,Tea
Tripura,238.5,6.7,25,Latterite,Kharif,Tea
Tripura,238.5,6.7,30,Black,Kharif,Clove
Tripura,238.5,6.7,30,Clayey,Kharif,Clove
Tripura,238.5,6.7,30,Latterite,Kharif,Clove
Tripura,238.5,6.7,27.5,Clayey,Rabi,Black Pepper
Tripura,238.5,6.7,27.5,Latterite,Rabi,Black Pepper
Tripura,238.5,6.7,27.5,Red,Rabi,Black Pepper
Tripura,238.5,6.7,27.5,Sandy,Rabi,Black Pepper
Tripura,238.5,6.7,22.5,Black,Kharif,Cardamom
Tripura,238.5,6.7,22.5,Clayey,Kharif,Cardamom
Tripura,238.5,6.7,22.5,Latterite,Kharif,Cardamom
Tripura,238.5,6.7,25,Latterite,Rabi,Cashewnut
Tripura,238.5,6.7,25,Red,Rabi,Cashewnut
Tripura,238.5,6.7,25,Sandy,Rabi,Cashewnut
Tripura,238.5,6.7,27.5,Clayey,Kharif,Sugarcane Karan 6 (Co 0239)
Tripura,238.5,6.7,27.5,Sandy,Kharif,Sugarcane Karan 6 (Co 0239)
Tripura,238.5,6.7,30,Alluvial,Kharif,Rice
Tripura,238.5,6.7,30,Clayey,Kharif,Rice
Uttar Pradesh,134.65,6,27.5,Latterite,Rabi,Black Pepper
Uttar Pradesh,134.65,6,27.5,Clayey,Rabi,Black Pepper
Uttar Pradesh,134.65,6,27.5,Red,Rabi,Black Pepper
Uttar Pradesh,134.65,6,27.5,Sandy,Rabi,Black Pepper
Uttar Pradesh,134.65,6,25,Latterite,Rabi,Cashewnut
Uttar Pradesh,134.65,6,25,Red,Rabi,Cashewnut
Uttar Pradesh,134.65,6,25,Sandy,Rabi,Cashewnut
Uttar Pradesh,134.65,6,27,Black,Rabi,Horse Gram
Uttar Pradesh,134.65,6,27,Clayey,Rabi,Horse Gram
Uttar Pradesh,134.65,6,27,Red,Rabi,Horse Gram
Uttar Pradesh,134.65,6,31.5,Clayey,Kharif,Dry Ginger
Uttar Pradesh,134.65,6,31.5,Red,Kharif,Dry Ginger
Uttar Pradesh,134.65,6,31.5,Sandy,Kharif,Dry Ginger
Uttar Pradesh,134.65,6,27.5,Red,Kharif,Ragi
Uttar Pradesh,134.65,6,27.5,Sandy,Kharif,Ragi
Uttar Pradesh,134.65,6,24,Clayey,Kharif,Masoor
Uttar Pradesh,134.65,6,24,Red,Kharif,Masoor
Uttar Pradesh,134.65,6,24,Sandy,Kharif,Masoor
Uttar Pradesh,134.65,6,30,Alluvial,Kharif,Rice
Uttar Pradesh,134.65,6,30,Clayey,Kharif,Rice
Uttar Pradesh,134.65,6,21.5,Clayey,Kharif,Maize HQPM-4
Uttar Pradesh,134.65,6,21.5,Sandy,Kharif,Maize HQPM-4
Uttar Pradesh,134.65,6,27.5,Alluvial,Kharif,Millet Nandi-65 (MH-1549)
Uttar Pradesh,134.65,6,27.5,Sandy,Kharif,Millet Nandi-65 (MH-1549)
Uttar Pradesh,134.65,6,30,Clayey,Zaid,Moong
Uttar Pradesh,134.65,6,30,Sandy,Zaid,Moong
Uttar Pradesh,134.65,6,-8.5,Clayey,Rabi,Wheat PDW 314
Uttar Pradesh,134.65,6,30,Black,Rabi,Black Gram
Uttar Pradesh,134.65,6,30,Sandy,Rabi,Black Gram
Uttar Pradesh,134.65,6,28.5,Clayey,Kharif,Sugarcane Co-0218
Uttar Pradesh,134.65,6,28.5,Sandy,Kharif,Sugarcane Co-0218
Uttarakhand,164.5,7.5,30,Black,Kharif,Bajra
Uttarakhand,164.5,7.5,30,Sandy,Kharif,Bajra
Uttarakhand,164.5,7.5,21.5,Sandy,Kharif,Coffee
Uttarakhand,164.5,7.5,26.5,Clayey,All Season,Cocoa
Uttarakhand,164.5,7.5,26.5,Sandy,All Season,Cocoa
Uttarakhand,164.5,7.5,27.5,Latterite,Rabi,Black Pepper
Uttarakhand,164.5,7.5,27.5,Red,Rabi,Black Pepper
Uttarakhand,164.5,7.5,27.5,Clayey,Rabi,Black Pepper
Uttarakhand,164.5,7.5,27.5,Sandy,Rabi,Black Pepper
Uttarakhand,164.5,7.5,30,Alluvial,Kharif,Jute
Uttarakhand,164.5,7.5,30,Clayey,Kharif,Jute
Uttarakhand,164.5,7.5,30,Sandy,Kharif,Jute
Uttarakhand,164.5,7.5,25,Latterite,Rabi,Cashewnut
Uttarakhand,164.5,7.5,25,Red,Rabi,Cashewnut
Uttarakhand,164.5,7.5,25,Sandy,Rabi,Cashewnut
Uttarakhand,164.5,7.5,31.5,Clayey,Kharif,Dry Ginger
Uttarakhand,164.5,7.5,31.5,Red,Kharif,Dry Ginger
Uttarakhand,164.5,7.5,31.5,Sandy,Kharif,Dry Ginger
Uttarakhand,164.5,7.5,37.5,Sandy,All Season,Sweet potato
Uttarakhand,164.5,7.5,30,Clayey,Zaid,Moong
Uttarakhand,164.5,7.5,30,Sandy,Zaid,Moong
Uttarakhand,164.5,7.5,29.5,Clayey,Kharif,Jowar
West Bengal,250,9,30,Alluvial,Kharif,Rice
West Bengal,250,9,30,Clayey,Kharif,Rice
West Bengal,250,9,22.5,Alluvial,All Season,Oilseed
West Bengal,250,9,22.5,Black,All Season,Oilseed
West Bengal,250,9,22.5,Clayey,All Season,Oilseed
West Bengal,250,9,25,Alluvial,Kharif,Tea
West Bengal,250,9,25,Latterite,Kharif,Tea
West Bengal,250,9,30,Alluvial,Kharif,Jute
West Bengal,250,9,30,Clayey,Kharif,Jute
West Bengal,250,9,30,Sandy,Kharif,Jute
West Bengal,250,9,28.5,Alluvial,Rabi,Banana
West Bengal,250,9,28.5,Black,Rabi,Banana
West Bengal,250,9,28.5,Clayey,Rabi,Banana
West Bengal,250,9,30,Alluvial,Kharif,Paddy Chinsurah Rice (IET 19140)
West Bengal,250,9,30,Clayey,Kharif,Paddy Chinsurah Rice (IET 19140)
West Bengal,250,9,30.5,Alluvial,Kharif,Paddy (CNI 383-5-11)
West Bengal,250,9,30.5,Clayey,Kharif,Paddy (CNI 383-5-11)
West Bengal,250,9,27.5,Alluvial,Kharif,Millet Nandi-65 (MH-1549)
West Bengal,250,9,27.5,Sandy,Kharif,Millet Nandi-65 (MH-1549)
West Bengal,250,9,28,Alluvial,Kharif,Millet Nandi-61 (MH-1548)
West Bengal,250,9,28,Sandy,Kharif,Millet Nandi-61 (MH-1548)
West Bengal,250,9,30.5,Alluvial,Kharif,Millet HHB 226 (MH 1479)
West Bengal,250,9,30.5,Sandy,Kharif,Millet HHB 226 (MH 1479)
Andaman and Nicobar Islands,277,3.5,30,Black,Kharif,Bajra
Andaman and Nicobar Islands,277,3.5,30,Sandy,Kharif,Bajra
Andaman and Nicobar Islands,277,3.5,22.5,Alluvial,All Season,Oilseed
Andaman and Nicobar Islands,277,3.5,22.5,Black,All Season,Oilseed
Andaman and Nicobar Islands,277,3.5,22.5,Clayey,All Season,Oilseed
Andaman and Nicobar Islands,277,3.5,30,Black,Kharif,Clove
Andaman and Nicobar Islands,277,3.5,30,Clayey,Kharif,Clove
Andaman and Nicobar Islands,277,3.5,30,Latterite,Kharif,Clove
Andaman and Nicobar Islands,277,3.5,22.5,Black,Kharif,Cardamom
Andaman and Nicobar Islands,277,3.5,22.5,Clayey,Kharif,Cardamom
Andaman and Nicobar Islands,277,3.5,22.5,Latterite,Kharif,Cardamom
Andaman and Nicobar Islands,277,3.5,28.5,Alluvial,Rabi,Banana
Andaman and Nicobar Islands,277,3.5,28.5,Black,Rabi,Banana
Andaman and Nicobar Islands,277,3.5,28.5,Clayey,Rabi,Banana
Andaman and Nicobar Islands,277,3.5,30,Black,Kharif,Urad
Andaman and Nicobar Islands,277,3.5,30,Sandy,Kharif,Urad
Andaman and Nicobar Islands,277,3.5,27,Black,Rabi,Horse Gram
Andaman and Nicobar Islands,277,3.5,27,Clayey,Rabi,Horse Gram
Andaman and Nicobar Islands,277,3.5,27,Red,Rabi,Horse Gram
Andaman and Nicobar Islands,277,3.5,30,Black,Rabi,Black Gram
Andaman and Nicobar Islands,277,3.5,30,Sandy,Rabi,Black Gram
Andaman and Nicobar Islands,277,3.5,30,Sandy,Rabi,Black Gram
Andaman and Nicobar Islands,277,3.5,22.5,Clayey,Kharif,Cotton CNH012
Andaman and Nicobar Islands,277,3.5,23,Clayey,Kharif,Cotton CICR-3 (CISA 614)
Dadra & Nagar Haveli and Daman & Diu,89,2,30,Alluvial,Kharif,Rice
Dadra & Nagar Haveli and Daman & Diu,89,2,30,Clayey,Kharif,Rice
Dadra & Nagar Haveli and Daman & Diu,89,2,22.5,Alluvial,All Season,Oilseed
Dadra & Nagar Haveli and Daman & Diu,89,2,22.5,Black,All Season,Oilseed
Dadra & Nagar Haveli and Daman & Diu,89,2,22.5,Clayey,All Season,Oilseed
Dadra & Nagar Haveli and Daman & Diu,89,2,25,Alluvial,Kharif,Tea
Dadra & Nagar Haveli and Daman & Diu,89,2,25,Latterite,Kharif,Tea
Dadra & Nagar Haveli and Daman & Diu,89,2,28.5,Alluvial,Rabi,Banana
Dadra & Nagar Haveli and Daman & Diu,89,2,28.5,Black,Rabi,Banana
Dadra & Nagar Haveli and Daman & Diu,89,2,28.5,Clayey,Rabi,Banana
Dadra & Nagar Haveli and Daman & Diu,89,2,30,Alluvial,Kharif,Paddy Chinsurah Rice (IET 19140)
Dadra & Nagar Haveli and Daman & Diu,89,2,30,Clayey,Kharif,Paddy Chinsurah Rice (IET 19140)
Dadra & Nagar Haveli and Daman & Diu,89,2,30.5,Alluvial,Kharif,Paddy (CNI 383-5-11)
Dadra & Nagar Haveli and Daman & Diu,89,2,30.5,Clayey,Kharif,Paddy (CNI 383-5-11)
Dadra & Nagar Haveli and Daman & Diu,89,2,27.5,Alluvial,Kharif,Millet Nandi-65 (MH-1549)
Dadra & Nagar Haveli and Daman & Diu,89,2,27.5,Sandy,Kharif,Millet Nandi-65 (MH-1549)
Dadra & Nagar Haveli and Daman & Diu,89,2,28,Clayey,Kharif,Millet Nandi-61 (MH-1548)
Chandigarh,105.5,28,30,Black,Kharif,Bajra
Chandigarh,105.5,28,30,Sandy,Kharif,Bajra
Chandigarh,105.5,28,22.5,Alluvial,All Season,Oilseed
Chandigarh,105.5,28,22.5,Black,All Season,Oilseed
Chandigarh,105.5,28,22.5,Clayey,All Season,Oilseed
Chandigarh,105.5,28,30,Black,Kharif,Clove
Chandigarh,105.5,28,30,Clayey,Kharif,Clove
Chandigarh,105.5,28,30,Latterite,Kharif,Clove
Chandigarh,105.5,28,30,Black,Kharif,Urad
Chandigarh,105.5,28,30,Sandy,Kharif,Urad
Chandigarh,105.5,28,27,Black,Rabi,Horse Gram
Chandigarh,105.5,28,27,Clayey,Rabi,Horse Gram
Chandigarh,105.5,28,27,Red,Rabi,Horse Gram
Chandigarh,105.5,28,33.5,Alluvial,Kharif,Paddy RC Maniphou 11 (IET 20193)
Chandigarh,105.5,28,33.5,Clayey,Kharif,Paddy RC Maniphou 11 (IET 20193)
Chandigarh,105.5,28,21,Clayey,Kharif,Maize HSC1
Chandigarh,105.5,28,21,Sandy,Kharif,Maize HSC1
Chandigarh,105.5,28,20.5,Clayey,Rabi,Wheat VL Gehun 907 (VL 907)
Delhi,90,6.7,30,Alluvial,Kharif,Rice
Delhi,90,6.7,30,Clayey,Kharif,Rice
Delhi,90,6.7,22.5,Alluvial,All Season,Oilseed
Delhi,90,6.7,22.5,Black,All Season,Oilseed
Delhi,90,6.7,22.5,Clayey,All Season,Oilseed
Delhi,90,6.7,26.5,Clayey,All Season,Cocoa
Delhi,90,6.7,26.5,Sandy,All Season,Cocoa
Delhi,90,6.7,30,Alluvial,Kharif,Jute
Delhi,90,6.7,30,Clayey,Kharif,Jute
Delhi,90,6.7,30,Sandy,Kharif,Jute
Delhi,90,6.7,15,Clayey,Rabi,Flax
Delhi,90,6.7,30,Black,Kharif,Clove
Delhi,90,6.7,30,Clayey,Kharif,Clove
Delhi,90,6.7,30,Latterite,Kharif,Clove
Delhi,90,6.7,27.5,Latterite,Rabi,Black Pepper
Delhi,90,6.7,27.5,Red,Rabi,Black Pepper
Delhi,90,6.7,27.5,Sandy,Rabi,Black Pepper
Delhi,90,6.7,27.5,Clayey,Rabi,Black Pepper
Delhi,90,6.7,22.5,Black,Kharif,Cardamom
Delhi,90,6.7,22.5,Clayey,Kharif,Cardamom
Delhi,90,6.7,22.5,Latterite,Kharif,Cardamom
Delhi,90,6.7,25,Clayey,Kharif,Turmeric
Delhi,90,6.7,25,Sandy,Kharif,Turmeric
Delhi,90,6.7,27,Black,Rabi,Horse Gram
Delhi,90,6.7,27,Clayey,Rabi,Horse Gram
Delhi,90,6.7,27,Red,Rabi,Horse Gram
Jammu and Kashmir,111.5,17,30,Alluvial,Kharif,Rice
Jammu and Kashmir,111.5,17,30,Clayey,Kharif,Rice
Jammu and Kashmir,111.5,17,18.5,Clayey,Rabi,Wheat MPO(JW) 1215 (MPO 1215)
Jammu and Kashmir,111.5,17,21.5,Clayey,Kharif,Maize HQPM-4
Jammu and Kashmir,111.5,17,21.5,Sandy,Kharif,Maize HQPM-4
Jammu and Kashmir,111.5,17,18.5,Clayey,Rabi,Barley Pusa Losar (BH- 380)
Lakshadweep,30,3.8,21.5,Sandy,Kharif,Coffee
Lakshadweep,30,3.8,26.5,Clayey,All Season,Cocoa
Lakshadweep,30,3.8,26.5,Sandy,All Season,Cocoa
Lakshadweep,30,3.8,30,Black,Kharif,Clove
Lakshadweep,30,3.8,30,Clayey,Kharif,Clove
Lakshadweep,30,3.8,30,Latterite,Kharif,Clove
Lakshadweep,30,3.8,27.5,Clayey,Rabi,Black Pepper
Lakshadweep,30,3.8,27.5,Latterite,Rabi,Black Pepper
Lakshadweep,30,3.8,27.5,Red,Rabi,Black Pepper
Lakshadweep,30,3.8,27.5,Sandy,Rabi,Black Pepper
Lakshadweep,30,3.8,22.5,Black,Kharif,Cardamom
Lakshadweep,30,3.8,22.5,Clayey,Kharif,Cardamom
Lakshadweep,30,3.8,22.5,Latterite,Kharif,Cardamom
Lakshadweep,30,3.8,28.5,Alluvial,Rabi,Banana
Lakshadweep,30,3.8,28.5,Black,Rabi,Banana
Lakshadweep,30,3.8,28.5,Clayey,Rabi,Banana
Lakshadweep,30,3.8,29.5,Clayey,Kharif,Jowar
Lakshadweep,30,3.8,27.5,Red,Kharif,Ragi
Lakshadweep,30,3.8,27.5,Sandy,Kharif,Ragi
Puducherry,137.5,12.3,27.5,Latterite,Rabi,Black Pepper
Puducherry,137.5,12.3,27.5,Sandy,Rabi,Black Pepper
Puducherry,137.5,12.3,27.5,Red,Rabi,Black Pepper
Puducherry,137.5,12.3,27.5,Clayey,Rabi,Black Pepper
Puducherry,137.5,12.3,30,Alluvial,Kharif,Rice
Puducherry,137.5,12.3,30,Clayey,Kharif,Rice
Puducherry,137.5,12.3,30,Red,Kharif,Ragi
Puducherry,137.5,12.3,30,Sandy,Kharif,Ragi
Puducherry,137.5,12.3,30,Black,Kharif,Bajra
Puducherry,137.5,12.3,30,Sandy,Kharif,Bajra
Puducherry,137.5,12.3,25,Clayey,Rabi,Pulses
Puducherry,137.5,12.3,28,Clayey,Kharif,Sugarcane Karan 5 (Co 0124)
Puducherry,137.5,12.3,28,Sandy,Kharif,Sugarcane Karan 5 (Co 0124)
Puducherry,137.5,12.3,23.5,Clayey,Kharif,Cotton VBCH 2231
Puducherry,137.5,12.3,25,Sandy,Kharif,Groundnut Girnar - 3 (PBS 12160)
Ladakh,15,22.3,18.5,Clayey,Rabi,Barley Pusa Losar (BH- 380)
Ladakh,15,22.3,22,Clayey,Rabi,Wheat WHD 943
Ladakh,15,22.3,30,Alluvial,Kharif,Rice
Ladakh,15,22.3,30,Clayey,Kharif,Rice
